Nombres,Apellidos,Email,ID de especialidad
María,González,maria@example.com,1
José,Rodríguez,jose@example.com,2
Ana Martínez,Jiménez,ana@example.com,3
Luis,Fernández,luis@example.com,4
Sofía,Pérez,sofia@example.com,5
Pablo,Ruíz,pablo@example.com,6
Carolina,Sánchez,carolina@example.com,7
Juan Diego,Aguilar,juan@example.com,8
Andrea,López,andrea@example.com,9
Daniel,Martín,daniel@example.com,01
